use cricket_tournament;

CREATE TABLE PERSON (
D_ID INT PRIMARY KEY,
D_NAME VARCHAR(30),
D_ADDR VARCHAR(15)
);

DROP TABLE PERSON;

CREATE TABLE CAR(
REG_NO VARCHAR(10) PRIMARY KEY,
MODEL VARCHAR(10),
C_YEAR YEAR
);

CREATE TABLE ACCIDENT(
REPORT_NO INT PRIMARY KEY,
A_DATE DATE,
LOCATION VARCHAR(30)
);

DROP TABLE ACCIDENT;


CREATE TABLE OWNS(
D_ID INT,
FOREIGN KEY(D_ID) references PERSON(D_ID),
REG_NO VARCHAR(10),
foreign key(REG_NO) references CAR(REG_NO)
);

DROP TABLE OWNS;


CREATE TABLE PARTICIPATED(
D_ID INT,
foreign key(D_ID) references PERSON(D_ID),
REG_NO VARCHAR(10),
foreign key(REG_NO) references CAR(REG_NO),
REPORT_NO INT,
foreign key (REPORT_NO) references ACCIDENT(REPORT_NO),
DAMAGE_AMOUNT INT 
);

DROP TABLE PARTICIPATED;


INSERT INTO PERSON VALUES
(0,'JENSON BUTTON', 'UNIVERSITY ST'),
(1,'RUBENS BARRICHELLO', '1ST AVE'),
(2,'SEBASTIAN VETTLE', '1ST AVE'),
(3,'MARK WEBBER','1ST AVE'),
(4,'LEWIS HAMILTON','1ST AVE'),
(5,'FELIPE MASSA','UNIVERSITY ST');


INSERT INTO CAR VALUES
('SZM813','HONDA',2009),
('SZM814','TOYOTA',2009),
('SZM815','BMW',2009),
('SZM816','HONDA',2009),
('SZM817','HONDA',2008),
('SZM818','BMW',2008),
('SZM819','BMW',2008),
('SZM820','TOYOTA',2008);


INSERT INTO ACCIDENT VALUES
(1,'04-13-2008','MONZA')
(2,'07-22-2008','INDIANAPOLIS')
(3,'07-22-2008','INDIANAPOLIS')
(4,'07-22-2008','NEW YORK')
(5,'07-27-2008','NEW YORK')
(6,'01-27-2009','HIGHLAND HEIGHTS')
(7,'02-15-2009','HIGHLAND HEIGHTS');


INSERT INTO OWNS VALUES
(0,'SZM813'),
(1,'SZM814'),
(2,'SZM815'),
(3,'SZM816'),
(4,'SZM817'),
(5,'SZM818'),
(0,'SZM819'),
(4,'SZM820');


INSERT INTO PARTICIPATED VALUES
(1,'SZM813',0,4000),
(2,'SZM814',1,6000),
(3,'SZM815',4,6000),
(4,'SZM814',1,1000),
(5,'SZM817',4,6000),
(6,'SZM818',5,5000),
(7,'SZM819',0,5000),
(4,'SZM817',4,3000),
(5,'SZM813',0,4000),
(6,'SZM814',3,2000),
(7,'SZM814',1,1000),
(7,'SZM820',4,6000),
(7,'SZM813',3,4000);

SELECT * FROM PERSON;
SELECT * FROM CAR;
SELECT * FROM ACCIDENT;
SELECT * FROM OWNS;
SELECT * FROM PARTICIPATED;







